rt,btsvotingteam,rt,vote,bts,bts_twt,thegroup,now,pcas,https,t.co,wzwzpahil9,
rt,btsnoticia,info,bts_twt,vendeu,mais,que,companhias,inteiras,gaon,em,2019,mpn,bts,army,boywithluv,https,t.co,evo9uw,
rt,pahi11093814,calling,21.8m,armys,ww,calling,21.8m,armys,ww,calling,21.8m,armys,ww,calling,21.8m,armys,ww,c,
rt,bighitent,ê¸°ì‚¬,love,love,fans,bts,army,takes,https,t.co,mvbf1j23x5,
rt,sweaterpawschim,button,nose,https,t.co,f1rg0drfij,bts_twt,jimin,ì§€ë¯¼,bts,https,t.co,ec2haftt5z,
rt,btsvotingfam,army,list,vote,bts_twt,save,money,stream,music,save,money,shazam,songs,save,money,
rt,doolsetbangtan,tired,tired,pcas,thegroup,bts,bts_twt,https,t.co,mwzk8bbr9c,
rt,btsanalytics,rt,vote,bts,bts_twt,thegroup,2019,pcas,https,t.co,m1njzfsgmv,
rt,2013x613,https,t.co,daaqxl8rl4,ë°©íƒ„ì†Œë…„ë‹¨,bts,bts_twt,https,t.co,pa3vxceiuu,
rt,researchbts,voting,analysis,mpn,animation,shows,army,dominates,voting,red,lines,connect,rts,replies,menti,
rt,thelastkar,nueva,intro,para,bts,run,pcas,bts,thegroup,bts_twt,https,t.co,fk3ckekgab,
globalarmyforce,bts_twt,boy,luv,mpn,bts,army,bts_twt,
rt,2013x613,https,t.co,mcwfycpqhu,ë·”,íƒœí˜•,bts,bts_twt,https,t.co,7lydix6osl,
rt,btsvotingteam,tweet,vote,mpn,bts,army,boywithluv,bts_twt,
rt,vantedtown,vocÃª,Ã©,army,sim,e,jÃ¡,votou,nÃ£o,e,Ã©,army,mpn,army,bts,make,right,bts_twt,https,t.co,fasyzu7el6,
rt,btsanalytics,rt,vote,bts,bts_twt,thegroup,2019,pcas,https,t.co,m1njzfsgmv,
rt,_btsaestaetic,calling,armys,around,world,calling,armys,around,world,calling,armys,around,world,callin,
rt,jk91b7s,https,t.co,2jc2nh1clf,ì •êµ­,jungkook,bts,bts_twt,https,t.co,gbycfqkhl1,
rt,sweaterpawschim,button,nose,https,t.co,f1rg0drfij,bts_twt,jimin,ì§€ë¯¼,bts,https,t.co,ec2haftt5z,
rt,btsanalytics,rt,vote,bts,bts_twt,thegroup,2019,pcas,https,t.co,m1njzfsgmv,
rt,del_bangtan,mainstream,looks,like,pcas,thegroup,bts,bts_twt,https,t.co,wsrvrmwuut,
rt,btsvotingtroupe,keep,voting,mpn,bts,army,boywithluv,bts_twt,
rt,armyvotingangel,bighitent,army,played,crucial,role,spreading,bts,music,across,world,whenever,bts,releases,new,album,d,
rt,shenrachael,aureliaot7,elydelan,bts_twt,stuff,like,makes,fuking,angry,yet,fuking,proud,time,
rt,charts_k,fact,since,formation,11,songs,surpassed,200m,streams,gaon,spring,day,2017,bts_twt,ido,
rt,sedativejims_,laa,giveaway,mumpung,para,pacar,update,aku,mau,bagi,pulsa,100k,buat,2,orang,masing,dapet,50k,ya,rt,aja,sekal,
yo,tratando,de,dividir,mÃ­,tiempo,sabiendo,que,levantarme,y,esperar,que,todo,se,haga,solo,es,una,opciÃ³n,https,t.co,nzkzkbsudd,
bts,btsarmy,exo,exol,btspop,twice,jennie,blackpink,gidle,idle,twice,kpoop,comeback,soyeon,jikook,kpop,iu,fa,https,t.co,4yvzleiqmt,
rt,_r_my_,hunhnhung19,bts_twt,khÃ´ng,muá»‘n,cÅ©ng,pháº£i,hiá»ƒu,em,khÃ´ng,giáº£i,thÃ­ch,nhiá»u,Ä‘Ã¢u,mpn,bts,army,boywithluv,bts_twt,
rt,zardexd,190921,jtbc,ë‹¬ë ¤ë¼,ë°©íƒ„,1,íšŒ,1080i.h264,zard.ts,https,t.co,y44johnhvk,ê³µìœ í•´ì£¼ì‹ ,ë¶„ì´,ì˜ìƒ,ì—ëŸ¬ê°€,ë‚¬ë‹¤ëŠ”,íŠ¸ìœ—ì„,ë³´ê³ ,ì˜¬ë¦½ë‹ˆë‹¤,ë‚´ì¼,ì‚­ì œí•˜ê² ìŠµë‹ˆë‹¤,bts,ë°©íƒ„ì†Œë…„ë‹¨,h,
rt,wuycucs95_7,nam_1606,bts_twt,nhÃ ,ngÆ°Æ¡i,mau,xÃª,ra,chá»—,khÃ¡c,mpn,bts,army,boywithluv,bts_twt,https,t.co,bmtddkhkoi,
rt,btsanalytics,rt,vote,bts,bts_twt,thegroup,2019,pcas,https,t.co,m1njzfsgmv,
rt,teambts_vn,mpn,challenge,chÃ¢u,Ã¡,cÃ³,48,quá»‘c,gia,ae,thá»­,sá»©c,báº£n,thÃ¢n,nhá»›,Ä‘Æ°á»£c,bao,nhiÃªu,nÆ°á»›c,nÃ¨,200,r7s,100,repl1es,cÃ¹n,
rt,btsanalytics,rt,vote,bts,bts_twt,thegroup,2019,pcas,https,t.co,m1njzfsgmv,
rt,965tdy,artistofthesummer,round,6,finals,blackpink,ygofficialblink,blinks,bts,bts_twt,army,vote,https,t.co,rjqzeub,
rt,btsargento,extraÃ±o,mucho,hoseok,importa,cuando,leas,esto,pcas,thegroup,bts,bts_twt,https,t.co,cuv9ftpzyp,
rt,hellokoook,ë°”ì´ë‚¨ì¤€,ì´ë ‡ê²Œ,ë‹¤ì •í•œ,ëˆˆìœ¼ë¡œ,ë³´ë©´ì„œ,ì‚¬ì§„ì°ì–´ì¤¬ìœ¼ë ¤ë‚˜,ë°”ì´ë‚¨ì¤€ì—,ì„¤ë ˆë²„ë¦¼,pcas,thegroup,bts,bts_twt,https,t.co,kwf4cvb0lr,
rt,dreamerbtsarmy,bts_twt,great,vacation,bts,jimin,jhope,suga,rm,bts,thegroup,pcas,bts_twt,https,t.co,v9uycu5t,
rt,choi_bts2,jimin,made,mistake,smiled,cutely,teacherâ€™s,wedding,video,bad,resolution,can,see,jimin,ah,
rt,_nojam_nolife,ë°©íƒ„ì†Œë…„ë‹¨,wings,tour,final,ì—”ë”©,ë©¤ë²„ë“¤,ì†í¸ì§€,2,ë°©íƒ„ì†Œë…„ë‹¨,bts,bts_twt,https,t.co,ot7ef2zevo,
rt,armyteamid,pantesan,kaya,kenal,gambar,diambil,dari,cuplikan,bts,world,bts,thegroup,pcas,bts_twt,https,t.co,wp,
rt,amysmit12,jajajajaja,min,sugato,bts_twt,bts,https,t.co,disxqzb7lt,
rt,btsvotingfam,guess,mv,mv,btsâ€™s,first,collab,steve,aoki,mpn,bts,boywithluv,bts_twt,
rt,archiveskook,190713,bittersweet901,ì •êµ­,ë°©íƒ„ì†Œë…„ë‹¨,bts,jungkook,https,t.co,g9vvnii6gw,
rt,choi_bts2,jimin,made,mistake,smiled,cutely,teacherâ€™s,wedding,video,bad,resolution,can,see,jimin,ah,
rt,btsvotingteam,tweet,vote,mpn,bts,army,boywithluv,bts_twt,
rt,btsdailystats,bts_twt's,fine,now,sold,100,000,units,us,bts,thegroup,pcas,https,t.co,1zoshro3ka,
rt,littlebean_jm,ğ—£ğ—¿ğ—¼ğ—ºğ—¶ğ˜€ğ—²,ğ—œğ˜'ğ˜€,ğ—ğ—ğ—œğ— ğ—§ğ—¢ğ—•ğ—˜ğ—¥,í•˜ëŠ˜ì—°ë‹¬,ì—´ì‚¬í˜,í•´ì‹œíƒœê·¸ì±Œë¦°ì§€,ì§€ë¯¼ì´ê°€,íƒœì–´ë‚œ,ë‹¬,ì‚¬ë‘ì˜,ì‘ì€,ì½©ì•Œë“¤ì„,ì„ ë¬¼í•´ì£¼ì„¸ìš”,ì‚¬ë‘ì´,ë„˜ì¹˜ëŠ”,10,ì›”ì„,ë§Œë“¤ì–´,ì¤„,í•´ì‹œíƒœê·¸ì±Œë¦°ì§€,ëˆ„êµ¬ë‚˜,ì°¸ì—¬,í• ,ìˆ˜,ìˆì–´ìš”,
rt,bonobonoya97,btsvotingteam,bts_twt,pcas,thegroup,bts,bts_twt,
rt,cutepurpleboy,bts_twt,traducciÃ³n,joon,jimin,fotopornamjoon,nota,nam,utilizÃ³,tambiÃ©n,al,igual,que,jimin,en,su,tweet,
